,altitude,altitude_conv,angle,angle_conv,element_record,element_record_conv,event_id,latitude,latitude_conv,longitude,longitude_conv,name,name_desc,priority,priority_conv,rec_iter,record_byte,record_id,record_id_conv,record_value,record_value_conv,satelite,satelite_conv,speed,speed_conv,timestamp,timestamp_conv,value_desc
0,003f,63,151,337,0c,12,0,06ed715d,116224349,2f640b51,795085649,Ignition,,0,0,rec_1_of_13,1,ef,239,0,0,0f,15,0,0,000001779a2b6c28,13-02-2021 12:24:33,OFF
1,003f,63,151,337,0c,12,0,06ed715d,116224349,2f640b51,795085649,Movement,,0,0,rec_2_of_13,1,f0,240,0,0,0f,15,0,0,000001779a2b6c28,13-02-2021 12:24:33,OFF
2,003f,63,151,337,0c,12,0,06ed715d,116224349,2f640b51,795085649,GSM Signal,,0,0,rec_3_of_13,1,15,21,3,3,0f,15,0,0,000001779a2b6c28,13-02-2021 12:24:33,Roaming on Moving
3,003f,63,151,337,0c,12,0,06ed715d,116224349,2f640b51,795085649,Sleep Mode,,0,0,rec_4_of_13,1,c8,200,0,0,0f,15,0,0,000001779a2b6c28,13-02-2021 12:24:33,No Sleep
4,003f,63,151,337,0c,12,0,06ed715d,116224349,2f640b51,795085649,GNSS Status,,0,0,rec_5_of_13,1,45,69,1,1,0f,15,0,0,000001779a2b6c28,13-02-2021 12:24:33,ON with fix
5,003f,63,151,337,0c,12,0,06ed715d,116224349,2f640b51,795085649,GNSS PDOP,Probability * 10,0,0,rec_6_of_13,2,b5,181,5,5,0f,15,0,0,000001779a2b6c28,13-02-2021 12:24:33,
6,003f,63,151,337,0c,12,0,06ed715d,116224349,2f640b51,795085649,GNSS HDOP,Probability * 10,0,0,rec_7_of_13,2,b6,182,3,3,0f,15,0,0,000001779a2b6c28,13-02-2021 12:24:33,
7,003f,63,151,337,0c,12,0,06ed715d,116224349,2f640b51,795085649,External Voltage,Voltage mV,0,0,rec_8_of_13,2,42,66,0,0,0f,15,0,0,000001779a2b6c28,13-02-2021 12:24:33,
8,003f,63,151,337,0c,12,0,06ed715d,116224349,2f640b51,795085649,Battery Voltage,Voltage mV,0,0,rec_9_of_13,2,43,67,0dd0,3536,0f,15,0,0,000001779a2b6c28,13-02-2021 12:24:33,
9,003f,63,151,337,0c,12,0,06ed715d,116224349,2f640b51,795085649,Battery Current,Battery Current mA,0,0,rec_10_of_13,2,44,68,0,0,0f,15,0,0,000001779a2b6c28,13-02-2021 12:24:33,
10,003f,63,151,337,0c,12,0,06ed715d,116224349,2f640b51,795085649,Active GSM Operator ,Currently used GSM Operator code,0,0,rec_11_of_13,4,f1,241,00009dfb,40443,0f,15,0,0,000001779a2b6c28,13-02-2021 12:24:33,
11,003f,63,151,337,0c,12,0,06ed715d,116224349,2f640b51,795085649,Total Odometer ,Total Odometer Value in meters,0,0,rec_12_of_13,4,10,16,0,0,0f,15,0,0,000001779a2b6c28,13-02-2021 12:24:33,
12,003f,63,151,337,0c,12,0,06ed715d,116224349,2f640b51,795085649,,,0,0,rec_13_of_13,8,,,0,0,0f,15,0,0,000001779a2b6c28,13-02-2021 12:24:33,
13,003f,63,151,337,0c,12,f0,06ed715d,116224349,2f640b51,795085649,Ignition,,0,0,rec_1_of_13,1,ef,239,0,0,0f,15,0,0,000001779a2b6c32,13-02-2021 12:24:33,OFF
14,003f,63,151,337,0c,12,f0,06ed715d,116224349,2f640b51,795085649,Movement,,0,0,rec_2_of_13,1,f0,240,1,1,0f,15,0,0,000001779a2b6c32,13-02-2021 12:24:33,ON
15,003f,63,151,337,0c,12,f0,06ed715d,116224349,2f640b51,795085649,GSM Signal,,0,0,rec_3_of_13,1,15,21,3,3,0f,15,0,0,000001779a2b6c32,13-02-2021 12:24:33,Roaming on Moving
16,003f,63,151,337,0c,12,f0,06ed715d,116224349,2f640b51,795085649,Sleep Mode,,0,0,rec_4_of_13,1,c8,200,0,0,0f,15,0,0,000001779a2b6c32,13-02-2021 12:24:33,No Sleep
17,003f,63,151,337,0c,12,f0,06ed715d,116224349,2f640b51,795085649,GNSS Status,,0,0,rec_5_of_13,1,45,69,1,1,0f,15,0,0,000001779a2b6c32,13-02-2021 12:24:33,ON with fix
18,003f,63,151,337,0c,12,f0,06ed715d,116224349,2f640b51,795085649,GNSS PDOP,Probability * 10,0,0,rec_6_of_13,2,b5,181,5,5,0f,15,0,0,000001779a2b6c32,13-02-2021 12:24:33,
19,003f,63,151,337,0c,12,f0,06ed715d,116224349,2f640b51,795085649,GNSS HDOP,Probability * 10,0,0,rec_7_of_13,2,b6,182,3,3,0f,15,0,0,000001779a2b6c32,13-02-2021 12:24:33,
20,003f,63,151,337,0c,12,f0,06ed715d,116224349,2f640b51,795085649,External Voltage,Voltage mV,0,0,rec_8_of_13,2,42,66,0,0,0f,15,0,0,000001779a2b6c32,13-02-2021 12:24:33,
21,003f,63,151,337,0c,12,f0,06ed715d,116224349,2f640b51,795085649,Battery Voltage,Voltage mV,0,0,rec_9_of_13,2,43,67,0dcf,3535,0f,15,0,0,000001779a2b6c32,13-02-2021 12:24:33,
22,003f,63,151,337,0c,12,f0,06ed715d,116224349,2f640b51,795085649,Battery Current,Battery Current mA,0,0,rec_10_of_13,2,44,68,0,0,0f,15,0,0,000001779a2b6c32,13-02-2021 12:24:33,
23,003f,63,151,337,0c,12,f0,06ed715d,116224349,2f640b51,795085649,Active GSM Operator ,Currently used GSM Operator code,0,0,rec_11_of_13,4,f1,241,00009dfb,40443,0f,15,0,0,000001779a2b6c32,13-02-2021 12:24:33,
24,003f,63,151,337,0c,12,f0,06ed715d,116224349,2f640b51,795085649,Total Odometer ,Total Odometer Value in meters,0,0,rec_12_of_13,4,10,16,0,0,0f,15,0,0,000001779a2b6c32,13-02-2021 12:24:33,
25,003f,63,151,337,0c,12,f0,06ed715d,116224349,2f640b51,795085649,,,0,0,rec_13_of_13,8,,,0,0,0f,15,0,0,000001779a2b6c32,13-02-2021 12:24:33,
26,003f,63,151,337,0c,12,f0,06ed715d,116224349,2f640b51,795085649,Ignition,,0,0,rec_1_of_13,1,ef,239,0,0,0f,15,0,0,000001779a2cdf40,13-02-2021 12:26:08,OFF
27,003f,63,151,337,0c,12,f0,06ed715d,116224349,2f640b51,795085649,Movement,,0,0,rec_2_of_13,1,f0,240,0,0,0f,15,0,0,000001779a2cdf40,13-02-2021 12:26:08,OFF
28,003f,63,151,337,0c,12,f0,06ed715d,116224349,2f640b51,795085649,GSM Signal,,0,0,rec_3_of_13,1,15,21,3,3,0f,15,0,0,000001779a2cdf40,13-02-2021 12:26:08,Roaming on Moving
29,003f,63,151,337,0c,12,f0,06ed715d,116224349,2f640b51,795085649,Sleep Mode,,0,0,rec_4_of_13,1,c8,200,0,0,0f,15,0,0,000001779a2cdf40,13-02-2021 12:26:08,No Sleep
30,003f,63,151,337,0c,12,f0,06ed715d,116224349,2f640b51,795085649,GNSS Status,,0,0,rec_5_of_13,1,45,69,1,1,0f,15,0,0,000001779a2cdf40,13-02-2021 12:26:08,ON with fix
31,003f,63,151,337,0c,12,f0,06ed715d,116224349,2f640b51,795085649,GNSS PDOP,Probability * 10,0,0,rec_6_of_13,2,b5,181,5,5,0f,15,0,0,000001779a2cdf40,13-02-2021 12:26:08,
32,003f,63,151,337,0c,12,f0,06ed715d,116224349,2f640b51,795085649,GNSS HDOP,Probability * 10,0,0,rec_7_of_13,2,b6,182,3,3,0f,15,0,0,000001779a2cdf40,13-02-2021 12:26:08,
33,003f,63,151,337,0c,12,f0,06ed715d,116224349,2f640b51,795085649,External Voltage,Voltage mV,0,0,rec_8_of_13,2,42,66,0,0,0f,15,0,0,000001779a2cdf40,13-02-2021 12:26:08,
34,003f,63,151,337,0c,12,f0,06ed715d,116224349,2f640b51,795085649,Battery Voltage,Voltage mV,0,0,rec_9_of_13,2,43,67,0dce,3534,0f,15,0,0,000001779a2cdf40,13-02-2021 12:26:08,
35,003f,63,151,337,0c,12,f0,06ed715d,116224349,2f640b51,795085649,Battery Current,Battery Current mA,0,0,rec_10_of_13,2,44,68,0,0,0f,15,0,0,000001779a2cdf40,13-02-2021 12:26:08,
36,003f,63,151,337,0c,12,f0,06ed715d,116224349,2f640b51,795085649,Active GSM Operator ,Currently used GSM Operator code,0,0,rec_11_of_13,4,f1,241,00009dfb,40443,0f,15,0,0,000001779a2cdf40,13-02-2021 12:26:08,
37,003f,63,151,337,0c,12,f0,06ed715d,116224349,2f640b51,795085649,Total Odometer ,Total Odometer Value in meters,0,0,rec_12_of_13,4,10,16,0,0,0f,15,0,0,000001779a2cdf40,13-02-2021 12:26:08,
38,003f,63,151,337,0c,12,f0,06ed715d,116224349,2f640b51,795085649,,,0,0,rec_13_of_13,8,,,0,0,0f,15,0,0,000001779a2cdf40,13-02-2021 12:26:08,
39,003f,63,151,337,0c,12,f0,06ed715d,116224349,2f640b51,795085649,Ignition,,0,0,rec_1_of_13,1,ef,239,0,0,0f,15,0,0,000001779a2d2d60,13-02-2021 12:26:28,OFF
40,003f,63,151,337,0c,12,f0,06ed715d,116224349,2f640b51,795085649,Movement,,0,0,rec_2_of_13,1,f0,240,1,1,0f,15,0,0,000001779a2d2d60,13-02-2021 12:26:28,ON
41,003f,63,151,337,0c,12,f0,06ed715d,116224349,2f640b51,795085649,GSM Signal,,0,0,rec_3_of_13,1,15,21,3,3,0f,15,0,0,000001779a2d2d60,13-02-2021 12:26:28,Roaming on Moving
42,003f,63,151,337,0c,12,f0,06ed715d,116224349,2f640b51,795085649,Sleep Mode,,0,0,rec_4_of_13,1,c8,200,0,0,0f,15,0,0,000001779a2d2d60,13-02-2021 12:26:28,No Sleep
43,003f,63,151,337,0c,12,f0,06ed715d,116224349,2f640b51,795085649,GNSS Status,,0,0,rec_5_of_13,1,45,69,1,1,0f,15,0,0,000001779a2d2d60,13-02-2021 12:26:28,ON with fix
44,003f,63,151,337,0c,12,f0,06ed715d,116224349,2f640b51,795085649,GNSS PDOP,Probability * 10,0,0,rec_6_of_13,2,b5,181,5,5,0f,15,0,0,000001779a2d2d60,13-02-2021 12:26:28,
45,003f,63,151,337,0c,12,f0,06ed715d,116224349,2f640b51,795085649,GNSS HDOP,Probability * 10,0,0,rec_7_of_13,2,b6,182,3,3,0f,15,0,0,000001779a2d2d60,13-02-2021 12:26:28,
46,003f,63,151,337,0c,12,f0,06ed715d,116224349,2f640b51,795085649,External Voltage,Voltage mV,0,0,rec_8_of_13,2,42,66,0,0,0f,15,0,0,000001779a2d2d60,13-02-2021 12:26:28,
47,003f,63,151,337,0c,12,f0,06ed715d,116224349,2f640b51,795085649,Battery Voltage,Voltage mV,0,0,rec_9_of_13,2,43,67,0dd0,3536,0f,15,0,0,000001779a2d2d60,13-02-2021 12:26:28,
48,003f,63,151,337,0c,12,f0,06ed715d,116224349,2f640b51,795085649,Battery Current,Battery Current mA,0,0,rec_10_of_13,2,44,68,0,0,0f,15,0,0,000001779a2d2d60,13-02-2021 12:26:28,
49,003f,63,151,337,0c,12,f0,06ed715d,116224349,2f640b51,795085649,Active GSM Operator ,Currently used GSM Operator code,0,0,rec_11_of_13,4,f1,241,00009dfb,40443,0f,15,0,0,000001779a2d2d60,13-02-2021 12:26:28,
50,003f,63,151,337,0c,12,f0,06ed715d,116224349,2f640b51,795085649,Total Odometer ,Total Odometer Value in meters,0,0,rec_12_of_13,4,10,16,0,0,0f,15,0,0,000001779a2d2d60,13-02-2021 12:26:28,
51,003f,63,151,337,0c,12,f0,06ed715d,116224349,2f640b51,795085649,,,0,0,rec_13_of_13,8,,,0,0,0f,15,0,0,000001779a2d2d60,13-02-2021 12:26:28,
52,003f,63,151,337,0c,12,f0,06ed715d,116224349,2f640b51,795085649,Ignition,,0,0,rec_1_of_13,1,ef,239,0,0,0e,14,0,0,000001779a2e1f90,13-02-2021 12:27:30,OFF
53,003f,63,151,337,0c,12,f0,06ed715d,116224349,2f640b51,795085649,Movement,,0,0,rec_2_of_13,1,f0,240,0,0,0e,14,0,0,000001779a2e1f90,13-02-2021 12:27:30,OFF
54,003f,63,151,337,0c,12,f0,06ed715d,116224349,2f640b51,795085649,GSM Signal,,0,0,rec_3_of_13,1,15,21,3,3,0e,14,0,0,000001779a2e1f90,13-02-2021 12:27:30,Roaming on Moving
55,003f,63,151,337,0c,12,f0,06ed715d,116224349,2f640b51,795085649,Sleep Mode,,0,0,rec_4_of_13,1,c8,200,0,0,0e,14,0,0,000001779a2e1f90,13-02-2021 12:27:30,No Sleep
56,003f,63,151,337,0c,12,f0,06ed715d,116224349,2f640b51,795085649,GNSS Status,,0,0,rec_5_of_13,1,45,69,1,1,0e,14,0,0,000001779a2e1f90,13-02-2021 12:27:30,ON with fix
57,003f,63,151,337,0c,12,f0,06ed715d,116224349,2f640b51,795085649,GNSS PDOP,Probability * 10,0,0,rec_6_of_13,2,b5,181,5,5,0e,14,0,0,000001779a2e1f90,13-02-2021 12:27:30,
58,003f,63,151,337,0c,12,f0,06ed715d,116224349,2f640b51,795085649,GNSS HDOP,Probability * 10,0,0,rec_7_of_13,2,b6,182,3,3,0e,14,0,0,000001779a2e1f90,13-02-2021 12:27:30,
59,003f,63,151,337,0c,12,f0,06ed715d,116224349,2f640b51,795085649,External Voltage,Voltage mV,0,0,rec_8_of_13,2,42,66,0,0,0e,14,0,0,000001779a2e1f90,13-02-2021 12:27:30,
60,003f,63,151,337,0c,12,f0,06ed715d,116224349,2f640b51,795085649,Battery Voltage,Voltage mV,0,0,rec_9_of_13,2,43,67,0dca,3530,0e,14,0,0,000001779a2e1f90,13-02-2021 12:27:30,
61,003f,63,151,337,0c,12,f0,06ed715d,116224349,2f640b51,795085649,Battery Current,Battery Current mA,0,0,rec_10_of_13,2,44,68,0,0,0e,14,0,0,000001779a2e1f90,13-02-2021 12:27:30,
62,003f,63,151,337,0c,12,f0,06ed715d,116224349,2f640b51,795085649,Active GSM Operator ,Currently used GSM Operator code,0,0,rec_11_of_13,4,f1,241,00009dfb,40443,0e,14,0,0,000001779a2e1f90,13-02-2021 12:27:30,
63,003f,63,151,337,0c,12,f0,06ed715d,116224349,2f640b51,795085649,Total Odometer ,Total Odometer Value in meters,0,0,rec_12_of_13,4,10,16,0,0,0e,14,0,0,000001779a2e1f90,13-02-2021 12:27:30,
64,003f,63,151,337,0c,12,f0,06ed715d,116224349,2f640b51,795085649,,,0,0,rec_13_of_13,8,,,0,0,0e,14,0,0,000001779a2e1f90,13-02-2021 12:27:30,
65,003f,63,151,337,0c,12,f0,06ed715d,116224349,2f640b51,795085649,Ignition,,0,0,rec_1_of_13,1,ef,239,0,0,0f,15,0,0,000001779a38a6e0,13-02-2021 12:39:00,OFF
66,003f,63,151,337,0c,12,f0,06ed715d,116224349,2f640b51,795085649,Movement,,0,0,rec_2_of_13,1,f0,240,1,1,0f,15,0,0,000001779a38a6e0,13-02-2021 12:39:00,ON
67,003f,63,151,337,0c,12,f0,06ed715d,116224349,2f640b51,795085649,GSM Signal,,0,0,rec_3_of_13,1,15,21,3,3,0f,15,0,0,000001779a38a6e0,13-02-2021 12:39:00,Roaming on Moving
68,003f,63,151,337,0c,12,f0,06ed715d,116224349,2f640b51,795085649,Sleep Mode,,0,0,rec_4_of_13,1,c8,200,0,0,0f,15,0,0,000001779a38a6e0,13-02-2021 12:39:00,No Sleep
69,003f,63,151,337,0c,12,f0,06ed715d,116224349,2f640b51,795085649,GNSS Status,,0,0,rec_5_of_13,1,45,69,1,1,0f,15,0,0,000001779a38a6e0,13-02-2021 12:39:00,ON with fix
70,003f,63,151,337,0c,12,f0,06ed715d,116224349,2f640b51,795085649,GNSS PDOP,Probability * 10,0,0,rec_6_of_13,2,b5,181,5,5,0f,15,0,0,000001779a38a6e0,13-02-2021 12:39:00,
71,003f,63,151,337,0c,12,f0,06ed715d,116224349,2f640b51,795085649,GNSS HDOP,Probability * 10,0,0,rec_7_of_13,2,b6,182,3,3,0f,15,0,0,000001779a38a6e0,13-02-2021 12:39:00,
72,003f,63,151,337,0c,12,f0,06ed715d,116224349,2f640b51,795085649,External Voltage,Voltage mV,0,0,rec_8_of_13,2,42,66,0,0,0f,15,0,0,000001779a38a6e0,13-02-2021 12:39:00,
73,003f,63,151,337,0c,12,f0,06ed715d,116224349,2f640b51,795085649,Battery Voltage,Voltage mV,0,0,rec_9_of_13,2,43,67,0db3,3507,0f,15,0,0,000001779a38a6e0,13-02-2021 12:39:00,
74,003f,63,151,337,0c,12,f0,06ed715d,116224349,2f640b51,795085649,Battery Current,Battery Current mA,0,0,rec_10_of_13,2,44,68,0,0,0f,15,0,0,000001779a38a6e0,13-02-2021 12:39:00,
75,003f,63,151,337,0c,12,f0,06ed715d,116224349,2f640b51,795085649,Active GSM Operator ,Currently used GSM Operator code,0,0,rec_11_of_13,4,f1,241,00009dfb,40443,0f,15,0,0,000001779a38a6e0,13-02-2021 12:39:00,
76,003f,63,151,337,0c,12,f0,06ed715d,116224349,2f640b51,795085649,Total Odometer ,Total Odometer Value in meters,0,0,rec_12_of_13,4,10,16,0,0,0f,15,0,0,000001779a38a6e0,13-02-2021 12:39:00,
77,003f,63,151,337,0c,12,f0,06ed715d,116224349,2f640b51,795085649,,,0,0,rec_13_of_13,8,,,0,0,0f,15,0,0,000001779a38a6e0,13-02-2021 12:39:00,
78,003f,63,151,337,0c,12,ef,06ed715d,116224349,2f640b51,795085649,Ignition,,0,0,rec_1_of_13,1,ef,239,1,1,0f,15,0,0,000001779a38e178,13-02-2021 12:39:15,ON
79,003f,63,151,337,0c,12,ef,06ed715d,116224349,2f640b51,795085649,Movement,,0,0,rec_2_of_13,1,f0,240,1,1,0f,15,0,0,000001779a38e178,13-02-2021 12:39:15,ON
80,003f,63,151,337,0c,12,ef,06ed715d,116224349,2f640b51,795085649,GSM Signal,,0,0,rec_3_of_13,1,15,21,3,3,0f,15,0,0,000001779a38e178,13-02-2021 12:39:15,Roaming on Moving
81,003f,63,151,337,0c,12,ef,06ed715d,116224349,2f640b51,795085649,Sleep Mode,,0,0,rec_4_of_13,1,c8,200,0,0,0f,15,0,0,000001779a38e178,13-02-2021 12:39:15,No Sleep
82,003f,63,151,337,0c,12,ef,06ed715d,116224349,2f640b51,795085649,GNSS Status,,0,0,rec_5_of_13,1,45,69,1,1,0f,15,0,0,000001779a38e178,13-02-2021 12:39:15,ON with fix
83,003f,63,151,337,0c,12,ef,06ed715d,116224349,2f640b51,795085649,GNSS PDOP,Probability * 10,0,0,rec_6_of_13,2,b5,181,5,5,0f,15,0,0,000001779a38e178,13-02-2021 12:39:15,
84,003f,63,151,337,0c,12,ef,06ed715d,116224349,2f640b51,795085649,GNSS HDOP,Probability * 10,0,0,rec_7_of_13,2,b6,182,3,3,0f,15,0,0,000001779a38e178,13-02-2021 12:39:15,
85,003f,63,151,337,0c,12,ef,06ed715d,116224349,2f640b51,795085649,External Voltage,Voltage mV,0,0,rec_8_of_13,2,42,66,368a,13962,0f,15,0,0,000001779a38e178,13-02-2021 12:39:15,
86,003f,63,151,337,0c,12,ef,06ed715d,116224349,2f640b51,795085649,Battery Voltage,Voltage mV,0,0,rec_9_of_13,2,43,67,0,3586,0f,15,0,0,000001779a38e178,13-02-2021 12:39:15,
87,003f,63,151,337,0c,12,ef,06ed715d,116224349,2f640b51,795085649,Battery Current,Battery Current mA,0,0,rec_10_of_13,2,44,68,87,135,0f,15,0,0,000001779a38e178,13-02-2021 12:39:15,
88,003f,63,151,337,0c,12,ef,06ed715d,116224349,2f640b51,795085649,Active GSM Operator ,Currently used GSM Operator code,0,0,rec_11_of_13,4,f1,241,00009dfb,40443,0f,15,0,0,000001779a38e178,13-02-2021 12:39:15,
89,003f,63,151,337,0c,12,ef,06ed715d,116224349,2f640b51,795085649,Total Odometer ,Total Odometer Value in meters,0,0,rec_12_of_13,4,10,16,0,0,0f,15,0,0,000001779a38e178,13-02-2021 12:39:15,
90,003f,63,151,337,0c,12,ef,06ed715d,116224349,2f640b51,795085649,,,0,0,rec_13_of_13,8,,,0,0,0f,15,0,0,000001779a38e178,13-02-2021 12:39:15,
91,30,48,137,311,0c,12,f0,06ed73b6,116224950,2f6407ef,795084783,Ignition,,0,0,rec_1_of_13,1,ef,239,1,1,11,17,0,0,000001779a3a1228,13-02-2021 12:40:33,ON
92,30,48,137,311,0c,12,f0,06ed73b6,116224950,2f6407ef,795084783,Movement,,0,0,rec_2_of_13,1,f0,240,0,0,11,17,0,0,000001779a3a1228,13-02-2021 12:40:33,OFF
93,30,48,137,311,0c,12,f0,06ed73b6,116224950,2f6407ef,795084783,GSM Signal,,0,0,rec_3_of_13,1,15,21,4,4,11,17,0,0,000001779a3a1228,13-02-2021 12:40:33,Unknown on Stop
94,30,48,137,311,0c,12,f0,06ed73b6,116224950,2f6407ef,795084783,Sleep Mode,,0,0,rec_4_of_13,1,c8,200,0,0,11,17,0,0,000001779a3a1228,13-02-2021 12:40:33,No Sleep
95,30,48,137,311,0c,12,f0,06ed73b6,116224950,2f6407ef,795084783,GNSS Status,,0,0,rec_5_of_13,1,45,69,1,1,11,17,0,0,000001779a3a1228,13-02-2021 12:40:33,ON with fix
96,30,48,137,311,0c,12,f0,06ed73b6,116224950,2f6407ef,795084783,GNSS PDOP,Probability * 10,0,0,rec_6_of_13,2,b5,181,4,4,11,17,0,0,000001779a3a1228,13-02-2021 12:40:33,
97,30,48,137,311,0c,12,f0,06ed73b6,116224950,2f6407ef,795084783,GNSS HDOP,Probability * 10,0,0,rec_7_of_13,2,b6,182,2,2,11,17,0,0,000001779a3a1228,13-02-2021 12:40:33,
98,30,48,137,311,0c,12,f0,06ed73b6,116224950,2f6407ef,795084783,External Voltage,Voltage mV,0,0,rec_8_of_13,2,42,66,36ff,14079,11,17,0,0,000001779a3a1228,13-02-2021 12:40:33,
99,30,48,137,311,0c,12,f0,06ed73b6,116224950,2f6407ef,795084783,Battery Voltage,Voltage mV,0,0,rec_9_of_13,2,43,67,0e4d,3661,11,17,0,0,000001779a3a1228,13-02-2021 12:40:33,
100,30,48,137,311,0c,12,f0,06ed73b6,116224950,2f6407ef,795084783,Battery Current,Battery Current mA,0,0,rec_10_of_13,2,44,68,008c,140,11,17,0,0,000001779a3a1228,13-02-2021 12:40:33,
101,30,48,137,311,0c,12,f0,06ed73b6,116224950,2f6407ef,795084783,Active GSM Operator ,Currently used GSM Operator code,0,0,rec_11_of_13,4,f1,241,00009dfb,40443,11,17,0,0,000001779a3a1228,13-02-2021 12:40:33,
102,30,48,137,311,0c,12,f0,06ed73b6,116224950,2f6407ef,795084783,Total Odometer ,Total Odometer Value in meters,0,0,rec_12_of_13,4,10,16,0,0,11,17,0,0,000001779a3a1228,13-02-2021 12:40:33,
103,30,48,137,311,0c,12,f0,06ed73b6,116224950,2f6407ef,795084783,,,0,0,rec_13_of_13,8,,,0,0,11,17,0,0,000001779a3a1228,13-02-2021 12:40:33,
104,30,48,137,311,0c,12,f0,06ed73b6,116224950,2f6407ef,795084783,Ignition,,0,0,rec_1_of_13,1,ef,239,1,1,10,16,0,0,000001779a3d4e48,13-02-2021 12:44:05,ON
105,30,48,137,311,0c,12,f0,06ed73b6,116224950,2f6407ef,795084783,Movement,,0,0,rec_2_of_13,1,f0,240,1,1,10,16,0,0,000001779a3d4e48,13-02-2021 12:44:05,ON
106,30,48,137,311,0c,12,f0,06ed73b6,116224950,2f6407ef,795084783,GSM Signal,,0,0,rec_3_of_13,1,15,21,3,3,10,16,0,0,000001779a3d4e48,13-02-2021 12:44:05,Roaming on Moving
107,30,48,137,311,0c,12,f0,06ed73b6,116224950,2f6407ef,795084783,Sleep Mode,,0,0,rec_4_of_13,1,c8,200,0,0,10,16,0,0,000001779a3d4e48,13-02-2021 12:44:05,No Sleep
108,30,48,137,311,0c,12,f0,06ed73b6,116224950,2f6407ef,795084783,GNSS Status,,0,0,rec_5_of_13,1,45,69,1,1,10,16,0,0,000001779a3d4e48,13-02-2021 12:44:05,ON with fix
109,30,48,137,311,0c,12,f0,06ed73b6,116224950,2f6407ef,795084783,GNSS PDOP,Probability * 10,0,0,rec_6_of_13,2,b5,181,4,4,10,16,0,0,000001779a3d4e48,13-02-2021 12:44:05,
110,30,48,137,311,0c,12,f0,06ed73b6,116224950,2f6407ef,795084783,GNSS HDOP,Probability * 10,0,0,rec_7_of_13,2,b6,182,3,3,10,16,0,0,000001779a3d4e48,13-02-2021 12:44:05,
111,30,48,137,311,0c,12,f0,06ed73b6,116224950,2f6407ef,795084783,External Voltage,Voltage mV,0,0,rec_8_of_13,2,42,66,387c,14460,10,16,0,0,000001779a3d4e48,13-02-2021 12:44:05,
112,30,48,137,311,0c,12,f0,06ed73b6,116224950,2f6407ef,795084783,Battery Voltage,Voltage mV,0,0,rec_9_of_13,2,43,67,0,3696,10,16,0,0,000001779a3d4e48,13-02-2021 12:44:05,
113,30,48,137,311,0c,12,f0,06ed73b6,116224950,2f6407ef,795084783,Battery Current,Battery Current mA,0,0,rec_10_of_13,2,44,68,008c,140,10,16,0,0,000001779a3d4e48,13-02-2021 12:44:05,
114,30,48,137,311,0c,12,f0,06ed73b6,116224950,2f6407ef,795084783,Active GSM Operator ,Currently used GSM Operator code,0,0,rec_11_of_13,4,f1,241,00009dfb,40443,10,16,0,0,000001779a3d4e48,13-02-2021 12:44:05,
115,30,48,137,311,0c,12,f0,06ed73b6,116224950,2f6407ef,795084783,Total Odometer ,Total Odometer Value in meters,0,0,rec_12_of_13,4,10,16,0,0,10,16,0,0,000001779a3d4e48,13-02-2021 12:44:05,
116,30,48,137,311,0c,12,f0,06ed73b6,116224950,2f6407ef,795084783,,,0,0,rec_13_of_13,8,,,0,0,10,16,0,0,000001779a3d4e48,13-02-2021 12:44:05,
117,30,48,137,311,0c,12,f0,06ed73b6,116224950,2f6407ef,795084783,Ignition,,0,0,rec_1_of_13,1,ef,239,1,1,10,16,0,0,000001779a3e4460,13-02-2021 12:45:08,ON
118,30,48,137,311,0c,12,f0,06ed73b6,116224950,2f6407ef,795084783,Movement,,0,0,rec_2_of_13,1,f0,240,0,0,10,16,0,0,000001779a3e4460,13-02-2021 12:45:08,OFF
119,30,48,137,311,0c,12,f0,06ed73b6,116224950,2f6407ef,795084783,GSM Signal,,0,0,rec_3_of_13,1,15,21,3,3,10,16,0,0,000001779a3e4460,13-02-2021 12:45:08,Roaming on Moving
120,30,48,137,311,0c,12,f0,06ed73b6,116224950,2f6407ef,795084783,Sleep Mode,,0,0,rec_4_of_13,1,c8,200,0,0,10,16,0,0,000001779a3e4460,13-02-2021 12:45:08,No Sleep
121,30,48,137,311,0c,12,f0,06ed73b6,116224950,2f6407ef,795084783,GNSS Status,,0,0,rec_5_of_13,1,45,69,1,1,10,16,0,0,000001779a3e4460,13-02-2021 12:45:08,ON with fix
122,30,48,137,311,0c,12,f0,06ed73b6,116224950,2f6407ef,795084783,GNSS PDOP,Probability * 10,0,0,rec_6_of_13,2,b5,181,4,4,10,16,0,0,000001779a3e4460,13-02-2021 12:45:08,
123,30,48,137,311,0c,12,f0,06ed73b6,116224950,2f6407ef,795084783,GNSS HDOP,Probability * 10,0,0,rec_7_of_13,2,b6,182,3,3,10,16,0,0,000001779a3e4460,13-02-2021 12:45:08,
124,30,48,137,311,0c,12,f0,06ed73b6,116224950,2f6407ef,795084783,External Voltage,Voltage mV,0,0,rec_8_of_13,2,42,66,383d,14397,10,16,0,0,000001779a3e4460,13-02-2021 12:45:08,
125,30,48,137,311,0c,12,f0,06ed73b6,116224950,2f6407ef,795084783,Battery Voltage,Voltage mV,0,0,rec_9_of_13,2,43,67,0,3702,10,16,0,0,000001779a3e4460,13-02-2021 12:45:08,
126,30,48,137,311,0c,12,f0,06ed73b6,116224950,2f6407ef,795084783,Battery Current,Battery Current mA,0,0,rec_10_of_13,2,44,68,008c,140,10,16,0,0,000001779a3e4460,13-02-2021 12:45:08,
127,30,48,137,311,0c,12,f0,06ed73b6,116224950,2f6407ef,795084783,Active GSM Operator ,Currently used GSM Operator code,0,0,rec_11_of_13,4,f1,241,00009dfb,40443,10,16,0,0,000001779a3e4460,13-02-2021 12:45:08,
128,30,48,137,311,0c,12,f0,06ed73b6,116224950,2f6407ef,795084783,Total Odometer ,Total Odometer Value in meters,0,0,rec_12_of_13,4,10,16,0,0,10,16,0,0,000001779a3e4460,13-02-2021 12:45:08,
129,30,48,137,311,0c,12,f0,06ed73b6,116224950,2f6407ef,795084783,,,0,0,rec_13_of_13,8,,,0,0,10,16,0,0,000001779a3e4460,13-02-2021 12:45:08,
130,30,48,137,311,0c,12,f0,06ed73b6,116224950,2f6407ef,795084783,Ignition,,0,0,rec_1_of_13,1,ef,239,1,1,11,17,0,0,000001779a44b8b8,13-02-2021 12:52:11,ON
131,30,48,137,311,0c,12,f0,06ed73b6,116224950,2f6407ef,795084783,Movement,,0,0,rec_2_of_13,1,f0,240,1,1,11,17,0,0,000001779a44b8b8,13-02-2021 12:52:11,ON
132,30,48,137,311,0c,12,f0,06ed73b6,116224950,2f6407ef,795084783,GSM Signal,,0,0,rec_3_of_13,1,15,21,3,3,11,17,0,0,000001779a44b8b8,13-02-2021 12:52:11,Roaming on Moving
133,30,48,137,311,0c,12,f0,06ed73b6,116224950,2f6407ef,795084783,Sleep Mode,,0,0,rec_4_of_13,1,c8,200,0,0,11,17,0,0,000001779a44b8b8,13-02-2021 12:52:11,No Sleep
134,30,48,137,311,0c,12,f0,06ed73b6,116224950,2f6407ef,795084783,GNSS Status,,0,0,rec_5_of_13,1,45,69,1,1,11,17,0,0,000001779a44b8b8,13-02-2021 12:52:11,ON with fix
135,30,48,137,311,0c,12,f0,06ed73b6,116224950,2f6407ef,795084783,GNSS PDOP,Probability * 10,0,0,rec_6_of_13,2,b5,181,4,4,11,17,0,0,000001779a44b8b8,13-02-2021 12:52:11,
136,30,48,137,311,0c,12,f0,06ed73b6,116224950,2f6407ef,795084783,GNSS HDOP,Probability * 10,0,0,rec_7_of_13,2,b6,182,3,3,11,17,0,0,000001779a44b8b8,13-02-2021 12:52:11,
137,30,48,137,311,0c,12,f0,06ed73b6,116224950,2f6407ef,795084783,External Voltage,Voltage mV,0,0,rec_8_of_13,2,42,66,377a,14202,11,17,0,0,000001779a44b8b8,13-02-2021 12:52:11,
138,30,48,137,311,0c,12,f0,06ed73b6,116224950,2f6407ef,795084783,Battery Voltage,Voltage mV,0,0,rec_9_of_13,2,43,67,0e9e,3742,11,17,0,0,000001779a44b8b8,13-02-2021 12:52:11,
139,30,48,137,311,0c,12,f0,06ed73b6,116224950,2f6407ef,795084783,Battery Current,Battery Current mA,0,0,rec_10_of_13,2,44,68,008c,140,11,17,0,0,000001779a44b8b8,13-02-2021 12:52:11,
140,30,48,137,311,0c,12,f0,06ed73b6,116224950,2f6407ef,795084783,Active GSM Operator ,Currently used GSM Operator code,0,0,rec_11_of_13,4,f1,241,00009dfb,40443,11,17,0,0,000001779a44b8b8,13-02-2021 12:52:11,
141,30,48,137,311,0c,12,f0,06ed73b6,116224950,2f6407ef,795084783,Total Odometer ,Total Odometer Value in meters,0,0,rec_12_of_13,4,10,16,0,0,11,17,0,0,000001779a44b8b8,13-02-2021 12:52:11,
142,30,48,137,311,0c,12,f0,06ed73b6,116224950,2f6407ef,795084783,,,0,0,rec_13_of_13,8,,,0,0,11,17,0,0,000001779a44b8b8,13-02-2021 12:52:11,
143,30,48,137,311,0c,12,f0,06ed73b6,116224950,2f6407ef,795084783,Ignition,,0,0,rec_1_of_13,1,ef,239,1,1,10,16,0,0,000001779a45a700,13-02-2021 12:53:12,ON
144,30,48,137,311,0c,12,f0,06ed73b6,116224950,2f6407ef,795084783,Movement,,0,0,rec_2_of_13,1,f0,240,0,0,10,16,0,0,000001779a45a700,13-02-2021 12:53:12,OFF
145,30,48,137,311,0c,12,f0,06ed73b6,116224950,2f6407ef,795084783,GSM Signal,,0,0,rec_3_of_13,1,15,21,3,3,10,16,0,0,000001779a45a700,13-02-2021 12:53:12,Roaming on Moving
146,30,48,137,311,0c,12,f0,06ed73b6,116224950,2f6407ef,795084783,Sleep Mode,,0,0,rec_4_of_13,1,c8,200,0,0,10,16,0,0,000001779a45a700,13-02-2021 12:53:12,No Sleep
147,30,48,137,311,0c,12,f0,06ed73b6,116224950,2f6407ef,795084783,GNSS Status,,0,0,rec_5_of_13,1,45,69,1,1,10,16,0,0,000001779a45a700,13-02-2021 12:53:12,ON with fix
148,30,48,137,311,0c,12,f0,06ed73b6,116224950,2f6407ef,795084783,GNSS PDOP,Probability * 10,0,0,rec_6_of_13,2,b5,181,4,4,10,16,0,0,000001779a45a700,13-02-2021 12:53:12,
149,30,48,137,311,0c,12,f0,06ed73b6,116224950,2f6407ef,795084783,GNSS HDOP,Probability * 10,0,0,rec_7_of_13,2,b6,182,3,3,10,16,0,0,000001779a45a700,13-02-2021 12:53:12,
150,30,48,137,311,0c,12,f0,06ed73b6,116224950,2f6407ef,795084783,External Voltage,Voltage mV,0,0,rec_8_of_13,2,42,66,37ca,14282,10,16,0,0,000001779a45a700,13-02-2021 12:53:12,
151,30,48,137,311,0c,12,f0,06ed73b6,116224950,2f6407ef,795084783,Battery Voltage,Voltage mV,0,0,rec_9_of_13,2,43,67,0ea6,3750,10,16,0,0,000001779a45a700,13-02-2021 12:53:12,
152,30,48,137,311,0c,12,f0,06ed73b6,116224950,2f6407ef,795084783,Battery Current,Battery Current mA,0,0,rec_10_of_13,2,44,68,008c,140,10,16,0,0,000001779a45a700,13-02-2021 12:53:12,
153,30,48,137,311,0c,12,f0,06ed73b6,116224950,2f6407ef,795084783,Active GSM Operator ,Currently used GSM Operator code,0,0,rec_11_of_13,4,f1,241,00009dfb,40443,10,16,0,0,000001779a45a700,13-02-2021 12:53:12,
154,30,48,137,311,0c,12,f0,06ed73b6,116224950,2f6407ef,795084783,Total Odometer ,Total Odometer Value in meters,0,0,rec_12_of_13,4,10,16,0,0,10,16,0,0,000001779a45a700,13-02-2021 12:53:12,
155,30,48,137,311,0c,12,f0,06ed73b6,116224950,2f6407ef,795084783,,,0,0,rec_13_of_13,8,,,0,0,10,16,0,0,000001779a45a700,13-02-2021 12:53:12,
156,002f,47,001d,29,0c,12,f0,06ed7513,116225299,2f640b73,795085683,Ignition,,0,0,rec_1_of_13,1,ef,239,1,1,11,17,0,0,000001779a464ef8,13-02-2021 12:53:55,ON
157,002f,47,001d,29,0c,12,f0,06ed7513,116225299,2f640b73,795085683,Movement,,0,0,rec_2_of_13,1,f0,240,1,1,11,17,0,0,000001779a464ef8,13-02-2021 12:53:55,ON
158,002f,47,001d,29,0c,12,f0,06ed7513,116225299,2f640b73,795085683,GSM Signal,,0,0,rec_3_of_13,1,15,21,3,3,11,17,0,0,000001779a464ef8,13-02-2021 12:53:55,Roaming on Moving
159,002f,47,001d,29,0c,12,f0,06ed7513,116225299,2f640b73,795085683,Sleep Mode,,0,0,rec_4_of_13,1,c8,200,0,0,11,17,0,0,000001779a464ef8,13-02-2021 12:53:55,No Sleep
160,002f,47,001d,29,0c,12,f0,06ed7513,116225299,2f640b73,795085683,GNSS Status,,0,0,rec_5_of_13,1,45,69,1,1,11,17,0,0,000001779a464ef8,13-02-2021 12:53:55,ON with fix
161,002f,47,001d,29,0c,12,f0,06ed7513,116225299,2f640b73,795085683,GNSS PDOP,Probability * 10,0,0,rec_6_of_13,2,b5,181,4,4,11,17,0,0,000001779a464ef8,13-02-2021 12:53:55,
162,002f,47,001d,29,0c,12,f0,06ed7513,116225299,2f640b73,795085683,GNSS HDOP,Probability * 10,0,0,rec_7_of_13,2,b6,182,3,3,11,17,0,0,000001779a464ef8,13-02-2021 12:53:55,
163,002f,47,001d,29,0c,12,f0,06ed7513,116225299,2f640b73,795085683,External Voltage,Voltage mV,0,0,rec_8_of_13,2,42,66,3c17,15383,11,17,0,0,000001779a464ef8,13-02-2021 12:53:55,
164,002f,47,001d,29,0c,12,f0,06ed7513,116225299,2f640b73,795085683,Battery Voltage,Voltage mV,0,0,rec_9_of_13,2,43,67,0eab,3755,11,17,0,0,000001779a464ef8,13-02-2021 12:53:55,
165,002f,47,001d,29,0c,12,f0,06ed7513,116225299,2f640b73,795085683,Battery Current,Battery Current mA,0,0,rec_10_of_13,2,44,68,008c,140,11,17,0,0,000001779a464ef8,13-02-2021 12:53:55,
166,002f,47,001d,29,0c,12,f0,06ed7513,116225299,2f640b73,795085683,Active GSM Operator ,Currently used GSM Operator code,0,0,rec_11_of_13,4,f1,241,00009dfb,40443,11,17,0,0,000001779a464ef8,13-02-2021 12:53:55,
167,002f,47,001d,29,0c,12,f0,06ed7513,116225299,2f640b73,795085683,Total Odometer ,Total Odometer Value in meters,0,0,rec_12_of_13,4,10,16,0,0,11,17,0,0,000001779a464ef8,13-02-2021 12:53:55,
168,002f,47,001d,29,0c,12,f0,06ed7513,116225299,2f640b73,795085683,,,0,0,rec_13_of_13,8,,,0,0,11,17,0,0,000001779a464ef8,13-02-2021 12:53:55,
169,002f,47,001d,29,0c,12,f0,06ed7513,116225299,2f640b73,795085683,Ignition,,0,0,rec_1_of_13,1,ef,239,1,1,0f,15,0,0,000001779a473d40,13-02-2021 12:54:56,ON
170,002f,47,001d,29,0c,12,f0,06ed7513,116225299,2f640b73,795085683,Movement,,0,0,rec_2_of_13,1,f0,240,0,0,0f,15,0,0,000001779a473d40,13-02-2021 12:54:56,OFF
171,002f,47,001d,29,0c,12,f0,06ed7513,116225299,2f640b73,795085683,GSM Signal,,0,0,rec_3_of_13,1,15,21,3,3,0f,15,0,0,000001779a473d40,13-02-2021 12:54:56,Roaming on Moving
172,002f,47,001d,29,0c,12,f0,06ed7513,116225299,2f640b73,795085683,Sleep Mode,,0,0,rec_4_of_13,1,c8,200,0,0,0f,15,0,0,000001779a473d40,13-02-2021 12:54:56,No Sleep
173,002f,47,001d,29,0c,12,f0,06ed7513,116225299,2f640b73,795085683,GNSS Status,,0,0,rec_5_of_13,1,45,69,1,1,0f,15,0,0,000001779a473d40,13-02-2021 12:54:56,ON with fix
174,002f,47,001d,29,0c,12,f0,06ed7513,116225299,2f640b73,795085683,GNSS PDOP,Probability * 10,0,0,rec_6_of_13,2,b5,181,4,4,0f,15,0,0,000001779a473d40,13-02-2021 12:54:56,
175,002f,47,001d,29,0c,12,f0,06ed7513,116225299,2f640b73,795085683,GNSS HDOP,Probability * 10,0,0,rec_7_of_13,2,b6,182,3,3,0f,15,0,0,000001779a473d40,13-02-2021 12:54:56,
176,002f,47,001d,29,0c,12,f0,06ed7513,116225299,2f640b73,795085683,External Voltage,Voltage mV,0,0,rec_8_of_13,2,42,66,3817,14359,0f,15,0,0,000001779a473d40,13-02-2021 12:54:56,
177,002f,47,001d,29,0c,12,f0,06ed7513,116225299,2f640b73,795085683,Battery Voltage,Voltage mV,0,0,rec_9_of_13,2,43,67,0eb4,3764,0f,15,0,0,000001779a473d40,13-02-2021 12:54:56,
178,002f,47,001d,29,0c,12,f0,06ed7513,116225299,2f640b73,795085683,Battery Current,Battery Current mA,0,0,rec_10_of_13,2,44,68,008c,140,0f,15,0,0,000001779a473d40,13-02-2021 12:54:56,
179,002f,47,001d,29,0c,12,f0,06ed7513,116225299,2f640b73,795085683,Active GSM Operator ,Currently used GSM Operator code,0,0,rec_11_of_13,4,f1,241,00009dfb,40443,0f,15,0,0,000001779a473d40,13-02-2021 12:54:56,
180,002f,47,001d,29,0c,12,f0,06ed7513,116225299,2f640b73,795085683,Total Odometer ,Total Odometer Value in meters,0,0,rec_12_of_13,4,10,16,0,0,0f,15,0,0,000001779a473d40,13-02-2021 12:54:56,
181,002f,47,001d,29,0c,12,f0,06ed7513,116225299,2f640b73,795085683,,,0,0,rec_13_of_13,8,,,0,0,0f,15,0,0,000001779a473d40,13-02-2021 12:54:56,
182,002f,47,001d,29,0c,12,f0,06ed7513,116225299,2f640b73,795085683,Ignition,,0,0,rec_1_of_13,1,ef,239,1,1,10,16,0,0,000001779a49ecc0,13-02-2021 12:57:52,ON
183,002f,47,001d,29,0c,12,f0,06ed7513,116225299,2f640b73,795085683,Movement,,0,0,rec_2_of_13,1,f0,240,1,1,10,16,0,0,000001779a49ecc0,13-02-2021 12:57:52,ON
184,002f,47,001d,29,0c,12,f0,06ed7513,116225299,2f640b73,795085683,GSM Signal,,0,0,rec_3_of_13,1,15,21,3,3,10,16,0,0,000001779a49ecc0,13-02-2021 12:57:52,Roaming on Moving
185,002f,47,001d,29,0c,12,f0,06ed7513,116225299,2f640b73,795085683,Sleep Mode,,0,0,rec_4_of_13,1,c8,200,0,0,10,16,0,0,000001779a49ecc0,13-02-2021 12:57:52,No Sleep
186,002f,47,001d,29,0c,12,f0,06ed7513,116225299,2f640b73,795085683,GNSS Status,,0,0,rec_5_of_13,1,45,69,1,1,10,16,0,0,000001779a49ecc0,13-02-2021 12:57:52,ON with fix
187,002f,47,001d,29,0c,12,f0,06ed7513,116225299,2f640b73,795085683,GNSS PDOP,Probability * 10,0,0,rec_6_of_13,2,b5,181,4,4,10,16,0,0,000001779a49ecc0,13-02-2021 12:57:52,
188,002f,47,001d,29,0c,12,f0,06ed7513,116225299,2f640b73,795085683,GNSS HDOP,Probability * 10,0,0,rec_7_of_13,2,b6,182,3,3,10,16,0,0,000001779a49ecc0,13-02-2021 12:57:52,
189,002f,47,001d,29,0c,12,f0,06ed7513,116225299,2f640b73,795085683,External Voltage,Voltage mV,0,0,rec_8_of_13,2,42,66,3849,14409,10,16,0,0,000001779a49ecc0,13-02-2021 12:57:52,
190,002f,47,001d,29,0c,12,f0,06ed7513,116225299,2f640b73,795085683,Battery Voltage,Voltage mV,0,0,rec_9_of_13,2,43,67,0ed0,3792,10,16,0,0,000001779a49ecc0,13-02-2021 12:57:52,
191,002f,47,001d,29,0c,12,f0,06ed7513,116225299,2f640b73,795085683,Battery Current,Battery Current mA,0,0,rec_10_of_13,2,44,68,008c,140,10,16,0,0,000001779a49ecc0,13-02-2021 12:57:52,
192,002f,47,001d,29,0c,12,f0,06ed7513,116225299,2f640b73,795085683,Active GSM Operator ,Currently used GSM Operator code,0,0,rec_11_of_13,4,f1,241,00009dfb,40443,10,16,0,0,000001779a49ecc0,13-02-2021 12:57:52,
193,002f,47,001d,29,0c,12,f0,06ed7513,116225299,2f640b73,795085683,Total Odometer ,Total Odometer Value in meters,0,0,rec_12_of_13,4,10,16,0,0,10,16,0,0,000001779a49ecc0,13-02-2021 12:57:52,
194,002f,47,001d,29,0c,12,f0,06ed7513,116225299,2f640b73,795085683,,,0,0,rec_13_of_13,8,,,0,0,10,16,0,0,000001779a49ecc0,13-02-2021 12:57:52,
195,002f,47,001d,29,0c,12,f0,06ed7513,116225299,2f640b73,795085683,Ignition,,0,0,rec_1_of_13,1,ef,239,1,1,10,16,0,0,000001779a4adef0,13-02-2021 12:58:54,ON
196,002f,47,001d,29,0c,12,f0,06ed7513,116225299,2f640b73,795085683,Movement,,0,0,rec_2_of_13,1,f0,240,0,0,10,16,0,0,000001779a4adef0,13-02-2021 12:58:54,OFF
197,002f,47,001d,29,0c,12,f0,06ed7513,116225299,2f640b73,795085683,GSM Signal,,0,0,rec_3_of_13,1,15,21,3,3,10,16,0,0,000001779a4adef0,13-02-2021 12:58:54,Roaming on Moving
198,002f,47,001d,29,0c,12,f0,06ed7513,116225299,2f640b73,795085683,Sleep Mode,,0,0,rec_4_of_13,1,c8,200,0,0,10,16,0,0,000001779a4adef0,13-02-2021 12:58:54,No Sleep
199,002f,47,001d,29,0c,12,f0,06ed7513,116225299,2f640b73,795085683,GNSS Status,,0,0,rec_5_of_13,1,45,69,1,1,10,16,0,0,000001779a4adef0,13-02-2021 12:58:54,ON with fix
200,002f,47,001d,29,0c,12,f0,06ed7513,116225299,2f640b73,795085683,GNSS PDOP,Probability * 10,0,0,rec_6_of_13,2,b5,181,4,4,10,16,0,0,000001779a4adef0,13-02-2021 12:58:54,
201,002f,47,001d,29,0c,12,f0,06ed7513,116225299,2f640b73,795085683,GNSS HDOP,Probability * 10,0,0,rec_7_of_13,2,b6,182,3,3,10,16,0,0,000001779a4adef0,13-02-2021 12:58:54,
202,002f,47,001d,29,0c,12,f0,06ed7513,116225299,2f640b73,795085683,External Voltage,Voltage mV,0,0,rec_8_of_13,2,42,66,37cf,14287,10,16,0,0,000001779a4adef0,13-02-2021 12:58:54,
203,002f,47,001d,29,0c,12,f0,06ed7513,116225299,2f640b73,795085683,Battery Voltage,Voltage mV,0,0,rec_9_of_13,2,43,67,0ed9,3801,10,16,0,0,000001779a4adef0,13-02-2021 12:58:54,
204,002f,47,001d,29,0c,12,f0,06ed7513,116225299,2f640b73,795085683,Battery Current,Battery Current mA,0,0,rec_10_of_13,2,44,68,008c,140,10,16,0,0,000001779a4adef0,13-02-2021 12:58:54,
205,002f,47,001d,29,0c,12,f0,06ed7513,116225299,2f640b73,795085683,Active GSM Operator ,Currently used GSM Operator code,0,0,rec_11_of_13,4,f1,241,00009dfb,40443,10,16,0,0,000001779a4adef0,13-02-2021 12:58:54,
206,002f,47,001d,29,0c,12,f0,06ed7513,116225299,2f640b73,795085683,Total Odometer ,Total Odometer Value in meters,0,0,rec_12_of_13,4,10,16,0,0,10,16,0,0,000001779a4adef0,13-02-2021 12:58:54,
207,002f,47,001d,29,0c,12,f0,06ed7513,116225299,2f640b73,795085683,,,0,0,rec_13_of_13,8,,,0,0,10,16,0,0,000001779a4adef0,13-02-2021 12:58:54,
208,003a,58,012e,302,0c,12,0,06ed742a,116225066,2f6408c8,795085000,Ignition,,0,0,rec_1_of_13,1,ef,239,1,1,11,17,0,0,000001779a56a2a8,13-02-2021 13:11:45,ON
209,003a,58,012e,302,0c,12,0,06ed742a,116225066,2f6408c8,795085000,Movement,,0,0,rec_2_of_13,1,f0,240,0,0,11,17,0,0,000001779a56a2a8,13-02-2021 13:11:45,OFF
210,003a,58,012e,302,0c,12,0,06ed742a,116225066,2f6408c8,795085000,GSM Signal,,0,0,rec_3_of_13,1,15,21,3,3,11,17,0,0,000001779a56a2a8,13-02-2021 13:11:45,Roaming on Moving
211,003a,58,012e,302,0c,12,0,06ed742a,116225066,2f6408c8,795085000,Sleep Mode,,0,0,rec_4_of_13,1,c8,200,0,0,11,17,0,0,000001779a56a2a8,13-02-2021 13:11:45,No Sleep
212,003a,58,012e,302,0c,12,0,06ed742a,116225066,2f6408c8,795085000,GNSS Status,,0,0,rec_5_of_13,1,45,69,1,1,11,17,0,0,000001779a56a2a8,13-02-2021 13:11:45,ON with fix
213,003a,58,012e,302,0c,12,0,06ed742a,116225066,2f6408c8,795085000,GNSS PDOP,Probability * 10,0,0,rec_6_of_13,2,b5,181,4,4,11,17,0,0,000001779a56a2a8,13-02-2021 13:11:45,
214,003a,58,012e,302,0c,12,0,06ed742a,116225066,2f6408c8,795085000,GNSS HDOP,Probability * 10,0,0,rec_7_of_13,2,b6,182,3,3,11,17,0,0,000001779a56a2a8,13-02-2021 13:11:45,
215,003a,58,012e,302,0c,12,0,06ed742a,116225066,2f6408c8,795085000,External Voltage,Voltage mV,0,0,rec_8_of_13,2,42,66,36ef,14063,11,17,0,0,000001779a56a2a8,13-02-2021 13:11:45,
216,003a,58,012e,302,0c,12,0,06ed742a,116225066,2f6408c8,795085000,Battery Voltage,Voltage mV,0,0,rec_9_of_13,2,43,67,0f71,3953,11,17,0,0,000001779a56a2a8,13-02-2021 13:11:45,
217,003a,58,012e,302,0c,12,0,06ed742a,116225066,2f6408c8,795085000,Battery Current,Battery Current mA,0,0,rec_10_of_13,2,44,68,008c,140,11,17,0,0,000001779a56a2a8,13-02-2021 13:11:45,
218,003a,58,012e,302,0c,12,0,06ed742a,116225066,2f6408c8,795085000,Active GSM Operator ,Currently used GSM Operator code,0,0,rec_11_of_13,4,f1,241,00009dfb,40443,11,17,0,0,000001779a56a2a8,13-02-2021 13:11:45,
219,003a,58,012e,302,0c,12,0,06ed742a,116225066,2f6408c8,795085000,Total Odometer ,Total Odometer Value in meters,0,0,rec_12_of_13,4,10,16,0,0,11,17,0,0,000001779a56a2a8,13-02-2021 13:11:45,
220,003a,58,012e,302,0c,12,0,06ed742a,116225066,2f6408c8,795085000,,,0,0,rec_13_of_13,8,,,0,0,11,17,0,0,000001779a56a2a8,13-02-2021 13:11:45,
221,003a,58,012e,302,0c,12,f0,06ed742a,116225066,2f6408c8,795085000,Ignition,,0,0,rec_1_of_13,1,ef,239,1,1,11,17,0,0,000001779a56a2b2,13-02-2021 13:11:45,ON
222,003a,58,012e,302,0c,12,f0,06ed742a,116225066,2f6408c8,795085000,Movement,,0,0,rec_2_of_13,1,f0,240,1,1,11,17,0,0,000001779a56a2b2,13-02-2021 13:11:45,ON
223,003a,58,012e,302,0c,12,f0,06ed742a,116225066,2f6408c8,795085000,GSM Signal,,0,0,rec_3_of_13,1,15,21,3,3,11,17,0,0,000001779a56a2b2,13-02-2021 13:11:45,Roaming on Moving
224,003a,58,012e,302,0c,12,f0,06ed742a,116225066,2f6408c8,795085000,Sleep Mode,,0,0,rec_4_of_13,1,c8,200,0,0,11,17,0,0,000001779a56a2b2,13-02-2021 13:11:45,No Sleep
225,003a,58,012e,302,0c,12,f0,06ed742a,116225066,2f6408c8,795085000,GNSS Status,,0,0,rec_5_of_13,1,45,69,1,1,11,17,0,0,000001779a56a2b2,13-02-2021 13:11:45,ON with fix
226,003a,58,012e,302,0c,12,f0,06ed742a,116225066,2f6408c8,795085000,GNSS PDOP,Probability * 10,0,0,rec_6_of_13,2,b5,181,4,4,11,17,0,0,000001779a56a2b2,13-02-2021 13:11:45,
227,003a,58,012e,302,0c,12,f0,06ed742a,116225066,2f6408c8,795085000,GNSS HDOP,Probability * 10,0,0,rec_7_of_13,2,b6,182,3,3,11,17,0,0,000001779a56a2b2,13-02-2021 13:11:45,
228,003a,58,012e,302,0c,12,f0,06ed742a,116225066,2f6408c8,795085000,External Voltage,Voltage mV,0,0,rec_8_of_13,2,42,66,36f2,14066,11,17,0,0,000001779a56a2b2,13-02-2021 13:11:45,
229,003a,58,012e,302,0c,12,f0,06ed742a,116225066,2f6408c8,795085000,Battery Voltage,Voltage mV,0,0,rec_9_of_13,2,43,67,0f71,3953,11,17,0,0,000001779a56a2b2,13-02-2021 13:11:45,
230,003a,58,012e,302,0c,12,f0,06ed742a,116225066,2f6408c8,795085000,Battery Current,Battery Current mA,0,0,rec_10_of_13,2,44,68,008c,140,11,17,0,0,000001779a56a2b2,13-02-2021 13:11:45,
231,003a,58,012e,302,0c,12,f0,06ed742a,116225066,2f6408c8,795085000,Active GSM Operator ,Currently used GSM Operator code,0,0,rec_11_of_13,4,f1,241,00009dfb,40443,11,17,0,0,000001779a56a2b2,13-02-2021 13:11:45,
232,003a,58,012e,302,0c,12,f0,06ed742a,116225066,2f6408c8,795085000,Total Odometer ,Total Odometer Value in meters,0,0,rec_12_of_13,4,10,16,0,0,11,17,0,0,000001779a56a2b2,13-02-2021 13:11:45,
233,003a,58,012e,302,0c,12,f0,06ed742a,116225066,2f6408c8,795085000,,,0,0,rec_13_of_13,8,,,0,0,11,17,0,0,000001779a56a2b2,13-02-2021 13:11:45,
234,003a,58,012e,302,0c,12,f0,06ed742a,116225066,2f6408c8,795085000,Ignition,,0,0,rec_1_of_13,1,ef,239,1,1,0f,15,0,0,000001779a5790f0,13-02-2021 13:12:46,ON
235,003a,58,012e,302,0c,12,f0,06ed742a,116225066,2f6408c8,795085000,Movement,,0,0,rec_2_of_13,1,f0,240,0,0,0f,15,0,0,000001779a5790f0,13-02-2021 13:12:46,OFF
236,003a,58,012e,302,0c,12,f0,06ed742a,116225066,2f6408c8,795085000,GSM Signal,,0,0,rec_3_of_13,1,15,21,3,3,0f,15,0,0,000001779a5790f0,13-02-2021 13:12:46,Roaming on Moving
237,003a,58,012e,302,0c,12,f0,06ed742a,116225066,2f6408c8,795085000,Sleep Mode,,0,0,rec_4_of_13,1,c8,200,0,0,0f,15,0,0,000001779a5790f0,13-02-2021 13:12:46,No Sleep
238,003a,58,012e,302,0c,12,f0,06ed742a,116225066,2f6408c8,795085000,GNSS Status,,0,0,rec_5_of_13,1,45,69,1,1,0f,15,0,0,000001779a5790f0,13-02-2021 13:12:46,ON with fix
239,003a,58,012e,302,0c,12,f0,06ed742a,116225066,2f6408c8,795085000,GNSS PDOP,Probability * 10,0,0,rec_6_of_13,2,b5,181,5,5,0f,15,0,0,000001779a5790f0,13-02-2021 13:12:46,
240,003a,58,012e,302,0c,12,f0,06ed742a,116225066,2f6408c8,795085000,GNSS HDOP,Probability * 10,0,0,rec_7_of_13,2,b6,182,3,3,0f,15,0,0,000001779a5790f0,13-02-2021 13:12:46,
241,003a,58,012e,302,0c,12,f0,06ed742a,116225066,2f6408c8,795085000,External Voltage,Voltage mV,0,0,rec_8_of_13,2,42,66,36cb,14027,0f,15,0,0,000001779a5790f0,13-02-2021 13:12:46,
242,003a,58,012e,302,0c,12,f0,06ed742a,116225066,2f6408c8,795085000,Battery Voltage,Voltage mV,0,0,rec_9_of_13,2,43,67,0f7f,3967,0f,15,0,0,000001779a5790f0,13-02-2021 13:12:46,
243,003a,58,012e,302,0c,12,f0,06ed742a,116225066,2f6408c8,795085000,Battery Current,Battery Current mA,0,0,rec_10_of_13,2,44,68,008c,140,0f,15,0,0,000001779a5790f0,13-02-2021 13:12:46,
244,003a,58,012e,302,0c,12,f0,06ed742a,116225066,2f6408c8,795085000,Active GSM Operator ,Currently used GSM Operator code,0,0,rec_11_of_13,4,f1,241,00009dfb,40443,0f,15,0,0,000001779a5790f0,13-02-2021 13:12:46,
245,003a,58,012e,302,0c,12,f0,06ed742a,116225066,2f6408c8,795085000,Total Odometer ,Total Odometer Value in meters,0,0,rec_12_of_13,4,10,16,0,0,0f,15,0,0,000001779a5790f0,13-02-2021 13:12:46,
246,003a,58,012e,302,0c,12,f0,06ed742a,116225066,2f6408c8,795085000,,,0,0,rec_13_of_13,8,,,0,0,0f,15,0,0,000001779a5790f0,13-02-2021 13:12:46,
